filename,label
2bc61c5a996842b1bd3777315ca61b1e.mp4,1
ece535466f1f4ffdbfed4fe7beb17e91.mp4,1
b67933aabeb6487d89b6ffcb81a63352.mp4,1
e8af4d92221a4a04b20b8ae98f64c194.mp4,1
f07aa2d8e9df40a69a29c95115401655.mp4,1
1acf8261b8494f5eb7d1f61fc41cc8c6.mp4,1
073af1c0f61546f0ac654bb1ae5a168f.mp4,1
514f9cf41a154448baf15267f3c34c2f.mp4,1
5839be4e66d54fefba0ab0fe6f66a762.mp4,1
de5be9c173ec42e699186072d945391a.mp4,1
12b1c9ee11bf4b958dc1d626c03bea8b.mp4,1
8858e3d59ed647e0a74368bb26b092a7.mp4,1
e066bbc014cb4e43871132ccd3e034b6.mp4,1
5c6cafb310774046911d6caa241058fc.mp4,1
66cf2c40fe2a42a4b2876a862e39a19f.mp4,1
99377ebf43414f83979dd5d4f54859b8.mp4,1
2322f808b9ce4ff0b74043eae7826192.mp4,1
7c4a8525a5b047a39aac2f5619c0b8d8.mp4,1
7c03e57286364efab9ff38883ccfe44c.mp4,1
d15774caa18e4eaa8a72b04240bba75f.mp4,1
ae686eaa9318477da5e74f60edc74ee8.mp4,1
cbbe15ed012e42c39e87dd7df8f1261d.mp4,1
7864627d933b47c09aa80845b7892d3e.mp4,1
ab37d4191e734c85bbc425008470c172.mp4,1
fbd027ac8ace4313853e9a843d7884e8.mp4,1
b405a0c951df414e9acdd1e2e3d78ddc.mp4,1
ba33e65dd3f24fdc97e722427be25957.mp4,1
779cebe14e6c421397f417c17f75971a.mp4,1
6e73ec0cf01945589e507f500b10a951.mp4,1
1f5f3ba2e3c04a818ad9fc66d7c16e5e.mp4,1
a285a681156e47e2bf5f272001921b6f.mp4,1
cf2da138baba47aa8b1c03cfb91120a7.mp4,1
d7214a8595df4fd7be1ef61adbc50220.mp4,1
dab3dc68abea4a7bb91b4e24b86aeb4c.mp4,1
46cd4fa0bdc7469f84d0accb79269fce.mp4,1
1d436404e9944baa84920007be3c72f4.mp4,1
adeda1f618b94d70978bfbeccd70b4ea.mp4,1
11b69f9ae9334ea6b5d5f368fdb0080e.mp4,1
d73b808a6ae34af08001373a605246c2.mp4,1
e0d1cb999ee24d1782a19fcb78f46291.mp4,1
2b90847c613a4b7090076e40d748c464.mp4,1
b4bac34635004523a33601ca5b312cfa.mp4,1
4aece47a9237427d92a287abf61ad8c7.mp4,1
69f7ae0c96314456a27a00a92c6352a3.mp4,1
6bb07470a69043428a2ab3b60896ceb4.mp4,1
6e41004eea7e48bfa11ce38c9bd83ba4.mp4,1
47519dae577d41ddb720f95cb9ae2b58.mp4,1
a9433ec6c71c4b2393f8e2d3a2c29195.mp4,1
4bbb880fa7384c8c8e1e2de5ed329aaf.mp4,1
50ef762bcd2641fcbb634de1a6e23c42.mp4,1
5795f4f497454f8f9514c3942f584483.mp4,1
c36312d218c7426a813cebe0e7414230.mp4,1
d1b7e1e7fd534cb6b497a8111bcb463c.mp4,1
90032c1a5cd144c7a8530bd1e63bfb71.mp4,1
7b32e735c4634e4b8feeac004a60446b.mp4,1
13d205ea7d02462f9e5c5baeb354d77b.mp4,1
76c383529e124b369acb84d92ce8b016.mp4,1
1de53573ef9b49eb99a65fdc1a3ff593.mp4,1
243cef386af3425bb73575a63117b204.mp4,1
54f4c0eaba0440e581eeea3ed17b33dc.mp4,1
eace76138974462687befead126a9310.mp4,1
a77b3c41ba8a43ec958b45825a0eef65.mp4,1
ffa7994119e44203b2e505893d6c248e.mp4,1
494a563330df49eba8597dc4797691a2.mp4,1
6454e2169ded4277827be3bf99af754a.mp4,1
7a9c0f89820b4265b1345929b13dd636.mp4,1
b107b2231d8544b5b8c850d2b2e72e2a.mp4,1
0e7d002b0c23400fa06e6e6166b95601.mp4,1
26c2c84bf5a640deb74f6d3b10b2e30e.mp4,1
1977ce4da171497aad98d16d429e5621.mp4,1
cd70d4c49e624c61865a8b0068a66061.mp4,1
b611473163cb48e5a1ed440675b56faa.mp4,1
5b36374bcc6b4ef1836ac565b6b4eefa.mp4,1
a3cf367dd3254873b93ba0abb2d4d457.mp4,1
8638f511e8b2440a9494ef5486da824c.mp4,1
8178778ddea844c280c1db2d0111f660.mp4,1
7e983430e9ab42429f8c123adc758905.mp4,1
4ba633dfc8bf4a47bde814706ed57ee3.mp4,1
1f875e18f245454a927d064581cb6079.mp4,1
97f7ebb4833a42ceb83b71517ab4ed27.mp4,1
1b81aa54893c4f3dbbafbe93fe699b8a.mp4,1
f97d3104986b4cfc9b242acfafd65932.mp4,1
7fabd7b1d5e54170a5c607b63c8ba125.mp4,1
5524abb75f1e4515968593e0091e450b.mp4,1
49735ed994c54c7a9789cfc812e9b92a.mp4,1
6611a53b82e548dbad18b75b6b50c7b1.mp4,1
99bf6fb7fabd4352a206ff6353991553.mp4,1
f5ad300d5487414aaeb0eaea2eb55df0.mp4,1
c97192b6ecb44546b7ec684f13fbe295.mp4,1
7889875bebd94258881f35b95a42b063.mp4,1
ce292c7379b5428c9ad220f5aa7e3f67.mp4,1
9fbf653ac2494c4c9acdf0da102776f0.mp4,1
52ef72a540c74c45b293c6dd83fe276c.mp4,1
0ccca248c53c4006aa91a48065d2a6e4.mp4,1
7d722f06f5a0493db66415eb38088d4b.mp4,1
4b0d67c053e64960bd848605d15ddde5.mp4,1
1495071dfbc74a979708c51d89b63fa8.mp4,1
d017242b6d4f49f1bdcda7b93e3eb85d.mp4,1
3ef1fae71c7c4693b950f511a2f0dd58.mp4,1
a964dd5ca9494ff08294fc16c650dea2.mp4,1
6f9239fc49da4ce48d3a459db4f330da.mp4,1
b4dedca935f243fca7c1ad1d4866d990.mp4,1
23ccfdd411ad46f396e623a957b2cc00.mp4,1
7b3bd7a859324685be10d36a84b05e73.mp4,1
cbf321ab5561410a8b2bb7093bcb1ce7.mp4,1
ff547c267a264317b3d9a7346f9ac23a.mp4,1
81067903bcee43d4abee67a8bccec690.mp4,1
fcb9d2910b3b4dbfaa349e123f77b42d.mp4,1
3a6c157cf2564d8c96bb19fbfb98c180.mp4,1
184d37a07f644549a9be4acd71afa288.mp4,1
46920661e6a44c3ab2c7d007c0ada8ff.mp4,1
0b0d8221302541b5a9ef5aca7a956441.mp4,1
1ebebe713af140fa9d01ad01b6c63354.mp4,1
0aca9fadd76a4768905bd753ac0d7f37.mp4,1
f2d62b121c104290904a4ea35d391db5.mp4,1
b73fb8fe119d48cbb7b8f16f01eee1eb.mp4,1
68cbefea1cd841b4967ed0a7bc79c946.mp4,1
a1569fa19ca540e69c1828188f4fb654.mp4,1
48b4191823a04d86ab13bbe5a47be390.mp4,1
2f8c1c65122c4a90948ab925e5720f20.mp4,1
90eafd547bec42b98b369fc24ca5ee92.mp4,1
ec77d444c93345cba73558f40f4bd615.mp4,1
8910f90d893b4f108913a0caa339d35b.mp4,1
1f053fadf9224068b3701c2509bf3285.mp4,1
a2f72979a1a640e78a2695046d0b9ba0.mp4,1
83e8f7e3894a43e087934f17e9304836.mp4,1
457f7900e0924432a9ed51a43f85f712.mp4,1
8ab1a0c51501414e8951373c6da6fda2.mp4,1
61945769ba2f46a4bfc961f14173f1c4.mp4,1
5c2f0d6097204f4cbf9da6de6938f0d4.mp4,1
bafd8b10415148ccaa5c56acfdbf4fa3.mp4,1
d2900a423ac14d14b7c69e6101bcf69a.mp4,1
a3141b4db6d84cc6bd523e958189a4ad.mp4,1
86dffcc934e2459d857b99078cddfe1c.mp4,1
8a5cbdee0fd54b75b6710d937a40a316.mp4,1
b00df34f13f248ec827e4e0473b95ffe.mp4,1
833f9c4f25524e04b29e217c642687e2.mp4,1
a538a856827244e39ccb0ba5c3d2e5cc.mp4,1
4e6f0c55c9f04bcf9b7eb4e93b913caa.mp4,1
47c66654bb974284ba49bcbd139af3c1.mp4,1
eac08afddb75462f9bba53625265c49b.mp4,1
a3d639fa5fc34df283adcf2c3ed13d29.mp4,1
ab60abb48fd64e2da18825961f8ee436.mp4,1
a3d035e924584ba39eb451faf492207b.mp4,1
79b1ee84a9a44022b4ccfe0e9a2abd62.mp4,1
fffb1af8494f4817a09d8da22e55109d.mp4,1
ef2060138ea54a7aaed772ff2161eab7.mp4,1
29b768df23c3486b8aae9fa06b381c39.mp4,1
3f30d6f24788435ba4c2954731f50909.mp4,1
e612567cf13c49c39dc4456070146f77.mp4,1
2eeabb9ad6264b3d973c0e97f4919742.mp4,1
30c77bca98d342f6a5eb7049536ab32d.mp4,1
ec7e60ab36e44126b7988421eb0dd7f8.mp4,1
0b0933285d2e4ef8ad0d54fe5c9f83f9.mp4,1
ffcd644deec14f739eb0401c891c03dd.mp4,1
4672243c854d4e1a8ed08c0ef4621f3a.mp4,1
b27875e2a6a842458f94f35e7647bed4.mp4,1
f0894a3244c542248a2d01a2307ddfd7.mp4,1
c87bbe904d30496e8ae54a5ad0b9c71e.mp4,1
63e39819454a415d83a58a80e70086fe.mp4,1
9de8c088f1ac43d9abcf7a6e20e86f57.mp4,1
339e28e883064b5e9e5ff6be5c703db4.mp4,1
c78620a0dc5f4f3bb2cc4ca2dc6f6aa7.mp4,1
537b142145a349939e49e1e14d1790f2.mp4,1
2d6478a68dfb4c28bcb6ec88bc2f599f.mp4,1
63b6046f7c5a46aa8732012eb5829fe3.mp4,1
a7a2fdebf91a4edbb06fa8e07199204f.mp4,1
03cfebe464f84b809058098b07945f4f.mp4,1
b762f751685c4e268ce9fc29292bd391.mp4,1
0ac1eb58fee5485181e3b68d08dbfe0e.mp4,1
65f00ef9366d40bb99c630d98f174cde.mp4,1
acfed6b269ec42f59e3a4867a4507a2c.mp4,1
a57328fd243942838d24f738722022a0.mp4,1
eec8875995404c728597f10c7c07bfe0.mp4,1
ada6b771a1dc4cdf925c29e658b1b1a1.mp4,1
60d0f28e906b44629d77c4c7f9641bd3.mp4,1
3008bb60b8d0457d87421323b6feb866.mp4,1
f411a3625d5e4ff4a46328010d873e3d.mp4,1
7bdaa2a7406d4992ac1ff3816972e991.mp4,1
264153832db546ea9c66dbce10064317.mp4,1
7c7c34868c63467f8699e6b17bad283d.mp4,1
816c18f84ee241f1b6ed2619868bc562.mp4,1
3ed43230c107437f9c2a879a91d44019.mp4,1
6a2b1e18019d43949962945b59ce4879.mp4,1
63d3d382784343c6849192719cf580a3.mp4,1
130f759cce81445296ea282014a4ccbf.mp4,1
9ac20f1950444ec5ac4f374e436cf27d.mp4,1
6db3dd34752b442a958a500a2ebb97eb.mp4,1
7ff6380f401345b38000804e16be8d1b.mp4,1
cece0fc2d576483d910fee7e3959917d.mp4,1
efcd9dfe0f78495f98a9a663fb331615.mp4,1
7355030e3103425fb5b76e8994fcd125.mp4,1
fd2ead2967c440f19361494d0cc6c6db.mp4,1
0395bfcb7ef9452180841830c5b2ea9e.mp4,1
42c1fc74c6f44f9d9e9cd7011d90da4b.mp4,1
e48590dc05b44347aaf1f77080e2b9e5.mp4,1
650d7fc96c534a228e68f3af4f29705b.mp4,1
bc65fadb99824b119345a21a83ae714e.mp4,1
ef45796b72c3476e9f95f8f1287f5ceb.mp4,1
4d950c10bd2a469992eb7a1aee4ffd1f.mp4,1
b600061ef07943df81eb4dfcf8ed9a14.mp4,1
45601bd8ef534e98b04ad2f6329e913e.mp4,1
20c6f598c30f4354a46a8b72b6d76ef5.mp4,1
2576f5bc7676437d8ea1835e7b76b2b0.mp4,1
a3dc0341b437461a99d2f7e575f267fa.mp4,1
cf450d32c877491ea63ef185c9fb09bb.mp4,1
02ea3b3c58f046cfb3116c1e98de2f2f.mp4,1
3951f01d383e4dc898a063f41e55bf97.mp4,1
6106e67b0843420e91d1f4ee90cb10b6.mp4,1
00629a4d82054da4b67a48ae3a9239c4.mp4,1
d201e94d16804d8aa0f331a4a0c87524.mp4,1
4182ad6f18814c2eb699b9a30413922a.mp4,1
25769c476dff439f82f84b0c4d3414f2.mp4,1
6f7b7de5f8ca4c46a9dba26657fabbda.mp4,1
b826a571e033427582880048ec6316eb.mp4,1
5103bcd164d944f8a91f31c8fc5d545a.mp4,1
065d32d8042a4a79b4767c4c57c75b8b.mp4,1
d989c2233f1045ec9a2cd39d655aa975.mp4,1
58683bedaef74c029f00dc84dc8b1211.mp4,1
2485055a8fc64ded82b88ab6513f63d0.mp4,1
8248329dab6f42b98a86770ff9f0c323.mp4,1
a39de183ef5a4f22960b3ca7cda834b4.mp4,1
45840480656a491e8beb8d5bdeab4b0a.mp4,1
6b2e86fd7172446bac5876444cf849c4.mp4,1
ddf70401a64c4cfd92d468f24eca8f24.mp4,1
7db9328326f147efaa59bf2d6e78145a.mp4,1
1defe9b68cec4d108e81e79d597e484a.mp4,1
98570fb2e8304a069990195dddc85c1f.mp4,1
a98295565a29492ebe0716d3724a7075.mp4,1
d442c1750b91491abd03396f224886c5.mp4,1
bf6b6e49697e420f8c3fc56f32063b5b.mp4,1
c65eea4114da46bea3728dc0eb25ee9e.mp4,1
62ea1d3380d742ef871770835c2f2e32.mp4,1
5eeaf5448e99430eba0df1ae3b0a8723.mp4,1
37082d631ee747d28a8a631824fb43f4.mp4,1
00fa5004b7b24d98a77cc941d29a567d.mp4,1
489036829eb84cfebcc2dd1bbb9de905.mp4,1
b889f44f08f4432a8b14fe3dcf147f71.mp4,1
a00151a1cd1642af94eda7431ebf4928.mp4,1
c407c6f9a1ec4615a6e8b342014bc71b.mp4,1
d63acbb5626047a68dd7c7386444bc7d.mp4,1
12c98419b35d4c54abf96063179884d6.mp4,1
4d94a1453a174eb980b0336eef2e7117.mp4,1
59460bf2c672449f994cc36f638ce38a.mp4,1
9b22f66736824b228f3d16e7bdc43b04.mp4,1
8009bb39777d4e02b86c225b7eaff4cd.mp4,1
20e59bebd603495f8b51cb40ce1b6539.mp4,1
103c49701cc14cbdb1024a0bfd05ce8e.mp4,1
23bf0de6a87543fcb2150fa78556808a.mp4,1
1443a7a2966a48fab50f3cb2b0543ff5.mp4,1
f32260853e4540d9b65826a411305bc7.mp4,1
c4804a91343f4bfcab0440fdd384e6cd.mp4,1
dfe1b802ba564fd4afc6aa3033b53090.mp4,1
58ef4b0e07ca43d4876fea9a021fbce0.mp4,1
ef01c65b5b9f45d797836876c139f966.mp4,1
94b05137923f42329622efa8dc47cfe6.mp4,1
406ffd0fb880400fa1dc00cd65f650b7.mp4,1
7d15378cc62c400fb0011eb24ffac5ab.mp4,1
7029ca54df16463c8ad0ec5b0487585a.mp4,1
94ffff6b920d4a71bbf5b2201f05a08f.mp4,1
93a3a5ad297641c7b198ff859f3e8b7c.mp4,1
056f93b432904cfa954e5bef1e0d2c80.mp4,1
00fa35b87b5d4bf488736b0092311d5e.mp4,1
3c242383ce6041e0b5864a7414bcf3c2.mp4,1
a9e34c972f514c87a31db6cfc8eff82b.mp4,1
a338d726e7324e2badc7b08be433c839.mp4,1
5e5dbfbe1ef64ab5ac3d0800d027cfc8.mp4,1
d1674d40bf074feeb61f04e2b62ce112.mp4,1
85fc510736254b01a4625d0d40778e92.mp4,1
a8c99e17852d4b3aa978a5019a6b2ecb.mp4,1
85aeffecfcd24d3cac28160295a78691.mp4,1
28aa38d1bd54404bb372e0269361516b.mp4,1
a4111e297a554a5ea0a08e5ff3f0b684.mp4,1
7e0952b3b9454ccfa8b323d2d686fbb6.mp4,1
99efb44417434ed88388729813279b5d.mp4,1
5fe03f35b7c04011b0ab4976ef304abd.mp4,1
c5672a0adb0c4d72a5123e0f48ce996d.mp4,1
4753fafc347a44bf86021e12511a20b8.mp4,1
cbe3bbb096c74c118f44652680872292.mp4,1
0b597705984b49cfa4fd66f6060afa97.mp4,1
26d895b5de0442f8871db03f9bb36d26.mp4,1
c828ba92189a4277b5ae4e36a40d687d.mp4,1
0e827e09db114a23b6ce5882816218cf.mp4,1
b6c30bd5c86c4ce2a73b7becc7ad3af7.mp4,1
b3b0a42bc22d45099b766bffa2ece1c5.mp4,1
75b221a5d0654827b84bd1fc44060434.mp4,1
cb980c3fafc749339102e45b29e362bd.mp4,1
73f8119ac24d40ef9a028b357b1515d2.mp4,1
b3b653719eb142b1bc042e2dac62b455.mp4,1
9a40ea9d825440cc952a7cdd56693124.mp4,1
5d93c97b3d0d4810889e3319e6229b0b.mp4,1
56e0989f5ce3455e87fc05f5a35b40dc.mp4,1
487c0e3dadcb459eb3d09308c39ff6f0.mp4,1
a6f9b092270f4dde9e72870b2bff24b4.mp4,1
d80754699ba848eab382bd7458fa0f00.mp4,1
96c53f5ed51645368c949d3eb65f21cd.mp4,1
912e3a3408fc4432817eb9b955858fc8.mp4,1
e454f4569fc347eb879a74aac8b2b881.mp4,1
63e7f8ccfb8943dc907451bb00840cd8.mp4,1
d9d5f7a72e06468daaeafdcf1f46ed83.mp4,1
be1364b66c8441f8955457fcf4ce5505.mp4,0
4240bc20272d4338982b3375c988aa4f.mp4,0
8e16f3fb99df4331971f045af6301a05.mp4,0
4cb12275ccb249cabb016c1370781728.mp4,0
cffa517708bb4d309e7fbcf984cc9f36.mp4,0
cf6a0edaf1aa44d7a1d4c8af116d0837.mp4,0
3596bcfddee841b286c2768b757f7ab0.mp4,0
9bbdeac674c7486a9c5196adf0e4ad36.mp4,0
bdfd94fdfda74517866c6cf037a973cd.mp4,0
926253532f0b41c38f583a73c8fa1866.mp4,0
9e855d7a136746afa8aede71e50cff77.mp4,0
d39f499d745f4b83a6a473e7ccde7b51.mp4,0
f6e3fc7912c04b64930bcae52bd26770.mp4,0
ce55492492704b95876b41c0a0943998.mp4,0
496f5b4f406a429ba268a2b01a329cd2.mp4,0
52cd5f99315441b198f810aca2c11938.mp4,0
9871a923def04492a09344c94dd3825f.mp4,0
283ed90498844151b5361f061f90bbd1.mp4,0
2e451df721b94f3981425cf01a01e204.mp4,0
aa88821a46f54a5eba1b28ca37e526ca.mp4,0
8d4aa2180c01435a8f355d3fa6366fe1.mp4,0
6df1a89a9c824fa4b5362f739665d331.mp4,0
79bb5731035146c2ab23d71c7e516036.mp4,0
82dc2a4d26554b9eb47e29de142fc407.mp4,0
a47e8504db7741259d78841cd66f8e84.mp4,0
c46142ec3bd64ab18dda536f025fca35.mp4,0
7f6b3778159640fca185fbdddb7077d8.mp4,0
4b97e90e36e448f393179afdc72a328c.mp4,0
f620da952aa4400290ec79b20b8b9710.mp4,0
f031201d58b745a0b87f8a0e30c45fa3.mp4,0
e1e1b8ca598a4c6f8f5bc3dbc229ee19.mp4,0
58531428e1d04c88b9044a8707708ccb.mp4,0
1d28ab12aa5d4e2cb91090f3e02a7429.mp4,0
92bc4365e1494fd696bc616ae9f62e2e.mp4,0
26f4438037444c1abeaac2ccc100cad4.mp4,0
ca586cc0c2cc4949b3200379341fb5e0.mp4,0
8b20f0be028a4ee5970254cd0630658b.mp4,0
a36a3141851a4efdbefaaca1fda5c7f7.mp4,0
c66efa2fc4454cf9b50581f5d52d0710.mp4,0
e3f9d491044f44ba9dda8be22a0a81f0.mp4,0
db102c34217f4081931bd2ab6e34ed2f.mp4,0
1a2177dac7bf40b497256a1ce08a145c.mp4,0
80ab82c459e343d092c331a4cbb3e982.mp4,0
f033d155e1a3454c99bc4066184a8103.mp4,0
9397c1f67dd64fb2815a3261684d5dc9.mp4,0
ebfc525a960e474ebe7d7ea3dce80c0f.mp4,0
339ce57c1b7440c8900e7bedf24cdc89.mp4,0
965317d5d4484c98bbf7f1d05430567e.mp4,0
7c12b50c2b094295aa8b058e9b806658.mp4,0
9380a09745a04508868683827f58514f.mp4,0
c9226f846da94784a8dfeaeaf780343d.mp4,0
177a637bac264acaa7649af53781ad00.mp4,0
b9bf499d7f414366b4b1e377bdd45611.mp4,0
e1c4908a39654b4799178196c6022873.mp4,0
431302703ea841448d34b11a032f87c8.mp4,0
7d3bc4c0b470495a85592cd457cfcf3f.mp4,0
4ae48ad8fe344a04817e392a6bcbf0e6.mp4,0
936f3a0f8d2b49c4bfc8d90b3ae904e9.mp4,0
d97e70e9942049f7af4b1dca8e55e4a0.mp4,0
5360bdfe2a2a49b4bb2152890994a5a3.mp4,0
373e5766667a47bca5f268ea2ccc60b5.mp4,0
0a62a8bec6524b6b8eb7f3d355552a5e.mp4,0
89104429c95c4100ab265ff347554b0c.mp4,0
51ef87cc135d451ab35a146cf88530f1.mp4,0
4e82ed84b70f4925bfb047ef0a2a9878.mp4,0
502081725f5d483680c03f72040e007c.mp4,0
ad8b3f7350ce491c99f9575d471196d2.mp4,0
aaf6ce96fa1a4f259fb251edce8b1ea8.mp4,0
c794ce1f45fb46fdb7cbb21e9adb9fa1.mp4,0
eccbee210e3d4a71a67ea1efafd9a0f2.mp4,0
756ef37acf0447fbaa76813a311e2d5e.mp4,0
89038d4f32ba46b7b8e2a8871aeaddfc.mp4,0
2eafc683611341cf88ea281853b3499d.mp4,0
c112709066e44d3aa2cad63f50552df6.mp4,0
4ccbb55b5c5442ff8eb3bd08a71b4d66.mp4,0
dd55c86ed2624356b2f21bfca8c2e41c.mp4,0
d001dd3540e84468b0e78e743c85603b.mp4,0
a0fdff2246884f83a7ce49d8515e54a8.mp4,0
0f2705cd844c469bb0b5f9e75e82c7bc.mp4,0
706bfe29f4ca4bb6b0f6ba258bfb46d8.mp4,0
ae4015ae5932407c980ed5898304c287.mp4,0
9a2c7ec7c5b549ce89708c28a64af12d.mp4,0
29c999e52f644864bf137c15a0ddddca.mp4,0
11c8aed067204bb98d47102c90b899ac.mp4,0
c7c905f89b464e3c931e1fec1edabea5.mp4,0
6dd121905ad9432e992ae4e7027cf9e1.mp4,0
f0f82a98ca78480dbd49962d5c96e2aa.mp4,0
1612d7d5c7254935b4eebed0bbfd460b.mp4,0
fae83a77a54e495494b294d592fa9df5.mp4,0
1a205ec118c0497dba9483fe9e2094b8.mp4,0
8428377300fe49a3af6307d5bd93cedd.mp4,0
73ebc5b5839a4275805b5469abae583a.mp4,0
4f56f19f757343d1a48e3af3fbb821e9.mp4,0
58e206f037204e1ba81bd15c98790f4a.mp4,0
c01218f5c2224e60bda79081355d6e91.mp4,0
7315cec8968c435bb36f06f2c50ca4b1.mp4,0
7a9fb1a5c9ea4556a928af7cd93f0a99.mp4,0
04518c0587964e24a4a96f9e6b7b51d8.mp4,0
309e09b94c3a410c8212f61523a77a65.mp4,0
fdceb82010eb4a418f0d2b86305dd197.mp4,0
915ff3633478498f9a48c14b36da61d7.mp4,0
3bb3f0fcc5b447ecb1441848f5d418a1.mp4,0
0ac21fc9786c45fab31a9a5aa117c04f.mp4,0
cc67743ede2d4a2e8984f6f89255576c.mp4,0
ceb2695bfc964d51b44a2adb3ed55183.mp4,0
40fc3cb51f6b4f1e8fec356964fdcb46.mp4,0
2fbf48a43f42474c95977bae86eeac3c.mp4,0
c9057dc44a7b45cc8bc2900700116aa0.mp4,0
2ca6eae654c247d6ad19ca76bb9fcc72.mp4,0
2f502942a8384b73b9a5547c61f8583a.mp4,0
6391f3e027324f48b3d8aad52aa6f843.mp4,0
7bd26b2b7103452e868f02c7dd38c00b.mp4,0
24b8a7fcea5e489a9300e4d9c4395074.mp4,0
8e2d16e881154dfa8897b0f326d84fc8.mp4,0
b1f1944f5dfc42f294a3e5d32fcf1525.mp4,0
7cfece6c8e584a3995237b4a534846f4.mp4,0
1fc8f1aa4f1343c08b2f69e504387fa1.mp4,0
072c5542bd7b49fdb1c04313ceb36a63.mp4,0
c077023287304826a314d0b16acb2b7a.mp4,0
f3f396ec22b44f03adb2146117ca0153.mp4,0
645660e445cc43228e0766c4c9183030.mp4,0
9e7098e4360447f08da46c68ff1c7a6e.mp4,0
05a53b5317b64ffca4b13ab17e1ea29a.mp4,0
1340477c651b476b972c18bbfbe29d3e.mp4,0
c83d747c4e2d40bd97d9a46d2a924323.mp4,0
993b2b00f77e40d2825e4a38ad32f336.mp4,0
117cf6486c284463a443691004f61732.mp4,0
857291bbf4954720a5442b61ceead29f.mp4,0
7afb2f0323ee41cb98532c3f97a6feb0.mp4,0
736bc096a326403a95d77503d4532932.mp4,0
1e1523c31cd4412fbd0aecafc05b1032.mp4,0
cc00288f81904ad185a9f5ddb6a0b0d4.mp4,0
35dc6b3cc0f6410fb272b4d3e14b7eef.mp4,0
7dbe550be2f545c9abafeb4e440c6758.mp4,0
030e2350ff8642a5bbe0c4742a6b5a63.mp4,0
473864775f4544dd8042401c1f79d446.mp4,0
c37bb79fa52c4f9caf945b7256ff0dde.mp4,0
471e06aa67a54baf94b18dd2b6b8fcb1.mp4,0
ae74cb0143c442fd9b4560fe07f753ae.mp4,0
bc207308f682415a9a304f8ce596e664.mp4,0
6c3dca0fbec7472e9f4f85ef3544a2d1.mp4,0
c76f47dac9714d49ac257d3c271903d2.mp4,0
4047537b6f234e53b4b95257b022d36e.mp4,0
c25b322589f64b519904e55fec575671.mp4,0
d84c73e824db47f5861a9c95848d428b.mp4,0
aa487e10728d4f29997cf1b494296452.mp4,0
8ee290f8d88348b5a5ec53bad95dba94.mp4,0
3bbdc944909b40ec82885a8a37a0f48b.mp4,0
b61734836a7c4557bbc2370f2528e574.mp4,0
8c408d4859244ee39b6a963c301832e4.mp4,0
d6e7b244a34e49f7b38a9abac299b4bd.mp4,0
67ea57a456d74314bfa2378e1e1b82d5.mp4,0
8f5aa68a2ae44ecb8e6ebf1d7e13ca9f.mp4,0
eb5ebe19ff294b2fa2915d886d852d6f.mp4,0
bfeb4dd37c6c4269ba3c497fa17b2b81.mp4,0
3da7ba9a0a95411f93a5e07cba841a94.mp4,0
d7831f749d5d44c8b89ded0d22c46956.mp4,0
ed84d4a2dde444e083f51089a8e8889d.mp4,0
38b494ac25ea47b5a2efa92f620d733f.mp4,0
2491ebee324c48baa80c63c11eb3b76a.mp4,0
d434334e366843fe95aa38efc17ae200.mp4,0
1a83e61b58174750b1ae6786f2dcd0c7.mp4,0
f33e87562a3c49bb9cef5cd357208878.mp4,0
3630d26b89da47119707d74052f453bb.mp4,0
c354bced1d3345c8a776e02483273961.mp4,0
617ead4485654aba8c2aef89dc8ccd54.mp4,0
020ce72f3f984164bce02150d2f17603.mp4,0
d704d46f2a2a4d7fa740ef0981fb9b1e.mp4,0
d95254c49a964cdf8f409fb01245cd95.mp4,0
727ee48286b442828bd8ef591498a809.mp4,0
c80a56591f1e4ef58786ea42718e4da1.mp4,0
58d0aab62b004cd99281a6c63718d04d.mp4,0
cdb5794a24844897928e98cfb7ad74b4.mp4,0
91ecf8cd5f094b06a14fe5080763b762.mp4,0
a2d011d476dc450188e87c4ef0cd841f.mp4,0
38e62e75c57d4b298caab84ad4277f6e.mp4,0
1dac6941e7e6440899919f276bf486e9.mp4,0
08d8299a6a0e43dd953f0132a93af26e.mp4,0
9a60e77794ed4454b0dcd90b66f5c1e2.mp4,0
4c1f8cbfb3cf4135ae0d3c9bf572502d.mp4,0
f1842ba452454dc6aec0b66940b88330.mp4,0
1c522c5e5afc402f8835c6faad612d67.mp4,0
e3184e149a02445b98fd07e3f75dd7f9.mp4,0
b32a9332103546fc9e2fd5165ead360f.mp4,0
b4c4d1eb0ae54fc68d6477a5e5d61617.mp4,0
8841c0ec098a48628d701d87be69ca4b.mp4,0
82d0e708badd44c7bec478b14349d041.mp4,0
25bf592d6c7d4beca7648369cba95801.mp4,0
de7f5308bf8d4feba407d0c2ad30294f.mp4,0
8ec13bf3b89943b090c805bf8d2c044d.mp4,0
f45064014ff647ebac7ac322fe0f9acd.mp4,0
b46afa65f4ea4a3db1ed9feff40bc774.mp4,0
9d7e38437f914889b518746f5865712b.mp4,0
50cd97b1385a449ca6d60c6f184f122e.mp4,0
dc6cb28a7b4c4643892d698a1c2d07f4.mp4,0
59a998925d7f4f4abeee5c5fe13b5466.mp4,0
6e5d4b28c0184bb38fea826dc5247b8f.mp4,0
a8852e1c3f6741e6a9a54085d52af565.mp4,0
d7a754b009f648eaace96012db27b9a7.mp4,0
b275f93046cd48d9a296b648841fd1cc.mp4,0
ad7d5927e35d4a9dbadc30baf521a3b9.mp4,0
32f1d115e46e4c41bfaa872acc2151c0.mp4,0
a5fba5ca09f24ce2b58c6672e103e0e5.mp4,0
e1fd6557064a42baa46fbe49f47d13d3.mp4,0
fc4629cd5cec4a7290645d44d2ced5cd.mp4,0
83bca23d0a374d9e9be5e09287cf860c.mp4,0
7c982cb1cb29424f91833ec99c6d1ce1.mp4,0
a958fa33ed8d4d4cbb8b94d90cf46c80.mp4,0
cac72f9cbbb3415781104c2eb396bb30.mp4,0
43e31fbd29db4452a76879c362509534.mp4,0
36ca26971345461790df834ee308a162.mp4,0
9debda743ded49d2bacafc7b8490ca3d.mp4,0
9aaf870505db46228755b5d9b9f5924a.mp4,0
40fbffcd48fd450fa571bb34ffdf2e20.mp4,0
8973a8c39b7040e28735e835a45fe321.mp4,0
b42ca07454ac455fbf62fe118a42acdf.mp4,0
5312f878652a4e17b21e8971d229f020.mp4,0
d4f2294997cd42aea232bd35a805ddf6.mp4,0
212978de3f4b4ff39ccab8943cd0feb7.mp4,0
90a9ba3679174964a5ca100329a32a14.mp4,0
e92e38d938f741989c508afee2311199.mp4,0
1556b64287ae4f6dbbe76ffd149cd3c8.mp4,0
5eefa02d4de9453b9b6b71df18f5f841.mp4,0
8db4928d7d0b485789e1e18afd962092.mp4,0
5b0188f0d14446fbbcca0e31ae42c6cb.mp4,0
7d3a0af1892c4f178c287226343dc14b.mp4,0
fa9a3776cd814996a8f43160e19e10bc.mp4,0
4d2cd9a0616445b6a9d20c2d543f7c5e.mp4,0
d10e80b841764523be8b637a258af1d7.mp4,0
539bfda7ce2b49c88c40f1af3df48453.mp4,0
881354bb5df84af4992220eef83c99fe.mp4,0
d868354a19b442418c525ab4963c8f36.mp4,0
235e7a3859094c83a14cba08b13e65c0.mp4,0
1044260d472649fda53d318aefc77afb.mp4,0
3f8e2dfe7c4b4bc598f81e38c451379c.mp4,0
1ca6c80fd4b148cbbfe62dd3faba5dc7.mp4,0
ebf6a0afe1e14ed7a1f30552d1d4bc04.mp4,0
0415a315781445eb8c5dcf427b35c474.mp4,0
542191e084144e2382ef9ee63543c8c7.mp4,0
aa2f4ea09d4141598ec580bd0eb1f293.mp4,0
d40ca62cbe91436ebaeced4799a170fe.mp4,0
2c4cabafbed2467d9365a69a45202770.mp4,0
b3faba9a5d244fe9bb649f83f4e7ee4f.mp4,0
65b31d0ee809433e85c6c36ea5074435.mp4,0
9038f0ff3c7942498a929910a3be3e51.mp4,0
aae36cb8ed8448249e1c5f6a126c9696.mp4,0
f67606810f504dce904afb0211449dce.mp4,0
752972b9b5d4452b91bc9b1058b8eaee.mp4,0
54ce95d0165848bba98c460e689361f0.mp4,0
bbda4d940fb9456b912edcf4260b8f4e.mp4,0
ef6813ee745440c788a852b5fd9dddbe.mp4,0
6df8b251f20a4b2ca7f7eaeffec9b2cd.mp4,0
9b554c8712a74e04890c8150959cd4f9.mp4,0
d0c78326a4564c12a779631c335062fc.mp4,0
975aed1690284e3c935472e9c3c12964.mp4,0
8fee2185fe5f4fa29ffb32c23b39eab7.mp4,0
2a482c2d1ccb4de28ac3e66e02291bd7.mp4,0
1550a16f6180424c9fa911a8030c587f.mp4,0
1f2e67f2e29043b4a7b94d64de7e1c09.mp4,0
ad8bac7e05074a759f9ed39f3ed51dca.mp4,0
f2b4af951fc141f7bcb74dc36438d384.mp4,0
537462483c17422aa3d8a0715c042552.mp4,0
637455ea7f924eecb391fa3a86c6ccfb.mp4,0
0cdb89619a2c47e19d5b3efa9ea39f87.mp4,0
c3a4d9e8f89344f2afba94e9a37be7e7.mp4,0
68c5660fc23045f1920ac02d36f21ca1.mp4,0
b7b9f20d07cf48d18da82731f1a59a6f.mp4,0
e6be34fb5f194f55b294b4caf53a2bac.mp4,0
480da8056c804708b18db555432b1e6c.mp4,0
cf49be3adaf94293bb49e4a8e5099b64.mp4,0
96f3d9c90dd64d1f9032a20c17570ce4.mp4,0
15a24875c0e54ea2a20292346d64fe4c.mp4,0
dd807e6443aa4df197e9d85e629bc868.mp4,0
e5de9d1d2dbe4d5c9da3e9556b8525ca.mp4,0
1e4d126f3d21498aacbbfaf077f36d76.mp4,0
9ac428477faf464fab5d4341ee60a1b1.mp4,0
28dfffffa20e4ea0bbf63ec27d376dc7.mp4,0
4cedccb85a464b0ba50f78b1360818ff.mp4,0
f74d64eb22e443ff8551b69b6e306497.mp4,0
d8b5d48d9056412ca6e71d070321f0f7.mp4,0
7a0ee910483f4bacb7128a5717e246a1.mp4,0
2750ce316ffe44f5962998d27633e7d6.mp4,0
dcf83bd8974844fcb515cd17dcb7528f.mp4,0
60664e58c5ab4192988839cce147b66b.mp4,0
4d9cb025a11b48488d3963974c244528.mp4,0
ce9fee5f57944d9e9bf41ec7ab1b6632.mp4,0
677e9e22adfd408ebbd8cdec74a45970.mp4,0
ca312f5ddbe44a599e8683d2b0e35951.mp4,0
35f601c2c2854a619fb694009d1037eb.mp4,0
f56290cd898943de99f57efe45c4b36e.mp4,0
a4d2326a384747adaabab577394ce447.mp4,0
82a94749f757492f9282a8f86fe5c51b.mp4,0
ec5e734ad61541f9b00f480ed6cdcfb7.mp4,0
3c1827a67d5e4db5a1786f4c37d5a889.mp4,0
74a1eadf4ff34540973819041f0cda44.mp4,0
74ed7981c22549108e26ea39927ea89c.mp4,0
5578f99962034af58edd0a644767f4dd.mp4,0
d8c4948252fc4fe5b6c8204c0fbdd034.mp4,0
65e0465dee574bcda15388fbd807a649.mp4,0
6998408c2b51416cbbad95e8f65a0d1e.mp4,0
